taux_conversion;NOM_PROMOTION
0.16056518946692358;Promotion Speciale
0.3179190751445087;Promo Ete
0.08028259473346179;Offre Fidelite
0.16056518946692358;Promotion Speciale
0.3179190751445087;Promo Ete
0.08028259473346179;Offre Fidelite
0.16056518946692358;Promotion Speciale;14:19:37
0.3179190751445087;Promo Ete;14:19:37
0.08028259473346179;Offre Fidelite;14:19:37
